{"PLULXqioCXWsTm+9N/ioAg==":"guteng-gsk-international-7.png","vyH63v8EN3aaOqT4wkUiVw==":"guteng_gsk_international-8-170x112.png","jzR9Blb03XguEtTQXVIM0w==":"architecture-g217ca9dd2-1280-1280x853.jpg","Un65SNkoI4zK+6O9RLcXvA==":"guteng_gsk_international-7-96x63.png","grmAl3aSlzC4e/DcWK4x9Q==":"profile-725x779.png","6Y6osmTRTA+bJs4h1t8R0w==":"profile-1-725x779.png","NIxBb0o+xGdpMparfZNYPg==":"conference23.jpg","3K9xDr9Z7V2gjLZc+0ffbQ==":"conference16.jpg","zSLhd0nsNiD4eF8Hcfey5w==":"conference2.jpg","Aw3WhdLCXvhHsl5OOAbqDg==":"conference7.jpg","YwhkqsMlIFFa9KCnP0fh2A==":"conference4.jpg","CuMMqBdt5xh5OViRvY2JRQ==":"conference11.jpg","C7gF5i0y7AJ/S8UusegF5A==":"conference28-1920.jpg","bvbGPitWiwxdFCEaY3KPdw==":"conference6.jpg","vlnAnXic2moKdooW9h3hJQ==":"conference14.jpg","sHxeHCINJ9tzltDiqpW+HA==":"background1.jpg","wjrlfKFnCSfDOqjTEiyAyg==":"09.jpg","riKc7Q9qyl5ix7p4we+6zA==":"sgi-adr-day2-9-890x593.jpg","XABR7NkK7yPZ227J3kYZqw==":"face1-1.jpg","BBFVnFNmY8dUOpGY+O70Sg==":"face6-2.jpg","22jBBmHxwwQRAGAZ59YgkA==":"conference15-3.jpg","Pb8sTpdAjCKzR7CCoH5nng==":"conference25-4.jpg","AD/iHraIA80G9R5WNbK4BQ==":"conference23.jpeg","4IvxrQqkH9j8bfuJqZ0Ngg==":"pngwing.com-720x500.png","6N5c0x6XGTdnHBR5hiC9hw==":"conference17.jpg","lDcoiXOaVNma0S+quLlzfw==":"conference18.jpg","xMqImuCzduTAZo6QYpL82A==":"7000_hero-1059x1041.jpg","erOC1BgABX1p/YIiKqegyw==":"bigstock-business-people-shaking-hands-83445530-566x377.jpg","nhxJsqgvpw8DBk+2eyDIjw==":"boardsample-494x465.png","wqkcj5K2pxEicWO2YtWROw==":"machine-a-ecrire-braille-494x349.jpg","0pNL4lD7Lhxa2GmnfZOosA==":"andadera-rollator-azul-gde-300x397.jpg","FzBdSNbuCKbY1HQroTnT9A==":"rr_3_corner-494x236.jpg","VByTiuRRBjzlAEs0I73FOg==":"westleigh-2-310x206.jpg","HNk1+tEuaDymoMJ6LdmasA==":"img_20170413-133251-310x174.jpg","/+H2rp84ZiuNvGyKgdhJmQ==":"products-sb680-310x210.jpg","i3Kyd85wlOpXEgxlMvbVEg==":"multiple_subjects_textbooks_stock_photo_slide01-310x310.jpg","v/tGtQ/ATh59PixZu+9Pdw==":"bigstock-business-people-shaking-hands-83445530-310x207.jpg","JgEpA4NsX7myTd/2l0Fcxg==":"face8.jpg","nNZ5dXXLZGNdM1DP2tZVAw==":"face5.jpg","BYnCWIAUYZuIUpCgewrvRQ==":"face4.jpg"}